-- @release 1
SET @NAME='2x18m';
SET @NUMREGLEMENT=49799935;

INSERT INTO PUBLIC.REGLEMENT(NUMREGLEMENT, NOMREGLEMENT, NBSERIE, NBVOLEEPARSERIE, NBFLECHEPARVOLEE, NBMEMBRESEQUIPE, NBMEMBRESRETENU, ISOFFICIAL, NUMFEDERATION, NUMCATEGORIE_REGLEMENT, REMOVABLE) VALUES(@NUMREGLEMENT, @NAME, 2, 10, 3, 4, 3, TRUE, 2, 2, FALSE);

INSERT INTO PUBLIC.CRITERE(CODECRITERE, NUMREGLEMENT, LIBELLECRITERE, SORTORDERCRITERE, CLASSEMENT, PLACEMENT, CODEFFTA, NUMORDRE) VALUES('genre', @NUMREGLEMENT, 'Genre', -1, TRUE, FALSE, 'genre', 1);
INSERT INTO PUBLIC.CRITERE(CODECRITERE, NUMREGLEMENT, LIBELLECRITERE, SORTORDERCRITERE, CLASSEMENT, PLACEMENT, CODEFFTA, NUMORDRE) VALUES('categorie', @NUMREGLEMENT, 'Categorie', 1, TRUE, TRUE, 'categorie', 2);
INSERT INTO PUBLIC.CRITERE(CODECRITERE, NUMREGLEMENT, LIBELLECRITERE, SORTORDERCRITERE, CLASSEMENT, PLACEMENT, CODEFFTA, NUMORDRE) VALUES('arc', @NUMREGLEMENT, 'Arc', 1, TRUE, TRUE, 'arc', 4);

INSERT INTO PUBLIC.CRITEREELEMENT(CODECRITEREELEMENT, CODECRITERE, NUMREGLEMENT, LIBELLECRITEREELEMENT, ACTIF, NUMORDRE) VALUES('H', 'genre', @NUMREGLEMENT, 'Homme', TRUE, 1);
INSERT INTO PUBLIC.CRITEREELEMENT(CODECRITEREELEMENT, CODECRITERE, NUMREGLEMENT, LIBELLECRITEREELEMENT, ACTIF, NUMORDRE) VALUES('D', 'genre', @NUMREGLEMENT, 'Dame', TRUE, 2);
INSERT INTO PUBLIC.CRITEREELEMENT(CODECRITEREELEMENT, CODECRITERE, NUMREGLEMENT, LIBELLECRITEREELEMENT, ACTIF, NUMORDRE) VALUES('P', 'categorie', @NUMREGLEMENT, 'Poussin', TRUE, 1);
INSERT INTO PUBLIC.CRITEREELEMENT(CODECRITEREELEMENT, CODECRITERE, NUMREGLEMENT, LIBELLECRITEREELEMENT, ACTIF, NUMORDRE) VALUES('B', 'categorie', @NUMREGLEMENT, 'Benjamin', TRUE, 2);
INSERT INTO PUBLIC.CRITEREELEMENT(CODECRITEREELEMENT, CODECRITERE, NUMREGLEMENT, LIBELLECRITEREELEMENT, ACTIF, NUMORDRE) VALUES('M', 'categorie', @NUMREGLEMENT, 'Minime', TRUE, 3);
INSERT INTO PUBLIC.CRITEREELEMENT(CODECRITEREELEMENT, CODECRITERE, NUMREGLEMENT, LIBELLECRITEREELEMENT, ACTIF, NUMORDRE) VALUES('C', 'categorie', @NUMREGLEMENT, 'Cadet', TRUE, 4);
INSERT INTO PUBLIC.CRITEREELEMENT(CODECRITEREELEMENT, CODECRITERE, NUMREGLEMENT, LIBELLECRITEREELEMENT, ACTIF, NUMORDRE) VALUES('J', 'categorie', @NUMREGLEMENT, 'Junior', TRUE, 5);
INSERT INTO PUBLIC.CRITEREELEMENT(CODECRITEREELEMENT, CODECRITERE, NUMREGLEMENT, LIBELLECRITEREELEMENT, ACTIF, NUMORDRE) VALUES('S', 'categorie', @NUMREGLEMENT, 'Senior', TRUE, 6);
INSERT INTO PUBLIC.CRITEREELEMENT(CODECRITEREELEMENT, CODECRITERE, NUMREGLEMENT, LIBELLECRITEREELEMENT, ACTIF, NUMORDRE) VALUES('V', 'categorie', @NUMREGLEMENT, STRINGDECODE('V\u00e9t\u00e9ran'), TRUE, 7);
INSERT INTO PUBLIC.CRITEREELEMENT(CODECRITEREELEMENT, CODECRITERE, NUMREGLEMENT, LIBELLECRITEREELEMENT, ACTIF, NUMORDRE) VALUES('SV', 'categorie', @NUMREGLEMENT, STRINGDECODE('Super-V\u00e9t\u00e9ran'), TRUE, 8);
INSERT INTO PUBLIC.CRITEREELEMENT(CODECRITEREELEMENT, CODECRITERE, NUMREGLEMENT, LIBELLECRITEREELEMENT, ACTIF, NUMORDRE) VALUES('CL', 'arc', @NUMREGLEMENT, 'Classique', TRUE, 1);
INSERT INTO PUBLIC.CRITEREELEMENT(CODECRITEREELEMENT, CODECRITERE, NUMREGLEMENT, LIBELLECRITEREELEMENT, ACTIF, NUMORDRE) VALUES('CO', 'arc', @NUMREGLEMENT, STRINGDECODE('Arc \u00e0 poulies'), TRUE, 2);
INSERT INTO PUBLIC.CRITEREELEMENT(CODECRITEREELEMENT, CODECRITERE, NUMREGLEMENT, LIBELLECRITEREELEMENT, ACTIF, NUMORDRE) VALUES('AD', 'arc', @NUMREGLEMENT, 'Arc droit', FALSE, 3);
INSERT INTO PUBLIC.CRITEREELEMENT(CODECRITEREELEMENT, CODECRITERE, NUMREGLEMENT, LIBELLECRITEREELEMENT, ACTIF, NUMORDRE) VALUES('AC', 'arc', @NUMREGLEMENT, 'Arc chasse', FALSE, 4);
INSERT INTO PUBLIC.CRITEREELEMENT(CODECRITEREELEMENT, CODECRITERE, NUMREGLEMENT, LIBELLECRITEREELEMENT, ACTIF, NUMORDRE) VALUES('BB', 'arc', @NUMREGLEMENT, 'Bare Bow', FALSE, 5);
INSERT INTO PUBLIC.CRITEREELEMENT(CODECRITEREELEMENT, CODECRITERE, NUMREGLEMENT, LIBELLECRITEREELEMENT, ACTIF, NUMORDRE) VALUES('TL', 'arc', @NUMREGLEMENT, 'Tir Libre', FALSE, 6);

INSERT INTO PUBLIC.DISTANCESBLASONS(NUMDISTANCESBLASONS, NUMREGLEMENT, NUMBLASON) VALUES(1, @NUMREGLEMENT, 2);
INSERT INTO PUBLIC.DISTANCESBLASONS(NUMDISTANCESBLASONS, NUMREGLEMENT, NUMBLASON) VALUES(2, @NUMREGLEMENT, 3);
INSERT INTO PUBLIC.DISTANCESBLASONS(NUMDISTANCESBLASONS, NUMREGLEMENT, NUMBLASON) VALUES(3, @NUMREGLEMENT, 3);
INSERT INTO PUBLIC.DISTANCESBLASONS(NUMDISTANCESBLASONS, NUMREGLEMENT, NUMBLASON) VALUES(4, @NUMREGLEMENT, 3);
INSERT INTO PUBLIC.DISTANCESBLASONS(NUMDISTANCESBLASONS, NUMREGLEMENT, NUMBLASON) VALUES(5, @NUMREGLEMENT, 4);
INSERT INTO PUBLIC.DISTANCESBLASONS(NUMDISTANCESBLASONS, NUMREGLEMENT, NUMBLASON) VALUES(6, @NUMREGLEMENT, 4);
INSERT INTO PUBLIC.DISTANCESBLASONS(NUMDISTANCESBLASONS, NUMREGLEMENT, NUMBLASON) VALUES(7, @NUMREGLEMENT, 6);
INSERT INTO PUBLIC.DISTANCESBLASONS(NUMDISTANCESBLASONS, NUMREGLEMENT, NUMBLASON) VALUES(8, @NUMREGLEMENT, 4);
INSERT INTO PUBLIC.DISTANCESBLASONS(NUMDISTANCESBLASONS, NUMREGLEMENT, NUMBLASON) VALUES(9, @NUMREGLEMENT, 6);
INSERT INTO PUBLIC.DISTANCESBLASONS(NUMDISTANCESBLASONS, NUMREGLEMENT, NUMBLASON) VALUES(10, @NUMREGLEMENT, 4);
INSERT INTO PUBLIC.DISTANCESBLASONS(NUMDISTANCESBLASONS, NUMREGLEMENT, NUMBLASON) VALUES(11, @NUMREGLEMENT, 6);
INSERT INTO PUBLIC.DISTANCESBLASONS(NUMDISTANCESBLASONS, NUMREGLEMENT, NUMBLASON) VALUES(12, @NUMREGLEMENT, 4);

INSERT INTO PUBLIC.DISTANCES(NUMDISTANCES, NUMDISTANCESBLASONS, NUMREGLEMENT, DISTANCE) VALUES(1, 1, @NUMREGLEMENT, 18);
INSERT INTO PUBLIC.DISTANCES(NUMDISTANCES, NUMDISTANCESBLASONS, NUMREGLEMENT, DISTANCE) VALUES(2, 1, @NUMREGLEMENT, 18);
INSERT INTO PUBLIC.DISTANCES(NUMDISTANCES, NUMDISTANCESBLASONS, NUMREGLEMENT, DISTANCE) VALUES(3, 2, @NUMREGLEMENT, 18);
INSERT INTO PUBLIC.DISTANCES(NUMDISTANCES, NUMDISTANCESBLASONS, NUMREGLEMENT, DISTANCE) VALUES(4, 2, @NUMREGLEMENT, 18);
INSERT INTO PUBLIC.DISTANCES(NUMDISTANCES, NUMDISTANCESBLASONS, NUMREGLEMENT, DISTANCE) VALUES(5, 3, @NUMREGLEMENT, 18);
INSERT INTO PUBLIC.DISTANCES(NUMDISTANCES, NUMDISTANCESBLASONS, NUMREGLEMENT, DISTANCE) VALUES(6, 3, @NUMREGLEMENT, 18);
INSERT INTO PUBLIC.DISTANCES(NUMDISTANCES, NUMDISTANCESBLASONS, NUMREGLEMENT, DISTANCE) VALUES(7, 4, @NUMREGLEMENT, 18);
INSERT INTO PUBLIC.DISTANCES(NUMDISTANCES, NUMDISTANCESBLASONS, NUMREGLEMENT, DISTANCE) VALUES(8, 4, @NUMREGLEMENT, 18);
INSERT INTO PUBLIC.DISTANCES(NUMDISTANCES, NUMDISTANCESBLASONS, NUMREGLEMENT, DISTANCE) VALUES(9, 5, @NUMREGLEMENT, 18);
INSERT INTO PUBLIC.DISTANCES(NUMDISTANCES, NUMDISTANCESBLASONS, NUMREGLEMENT, DISTANCE) VALUES(10, 5, @NUMREGLEMENT, 18);
INSERT INTO PUBLIC.DISTANCES(NUMDISTANCES, NUMDISTANCESBLASONS, NUMREGLEMENT, DISTANCE) VALUES(11, 6, @NUMREGLEMENT, 18);
INSERT INTO PUBLIC.DISTANCES(NUMDISTANCES, NUMDISTANCESBLASONS, NUMREGLEMENT, DISTANCE) VALUES(12, 6, @NUMREGLEMENT, 18);
INSERT INTO PUBLIC.DISTANCES(NUMDISTANCES, NUMDISTANCESBLASONS, NUMREGLEMENT, DISTANCE) VALUES(13, 7, @NUMREGLEMENT, 18);
INSERT INTO PUBLIC.DISTANCES(NUMDISTANCES, NUMDISTANCESBLASONS, NUMREGLEMENT, DISTANCE) VALUES(14, 7, @NUMREGLEMENT, 18);
INSERT INTO PUBLIC.DISTANCES(NUMDISTANCES, NUMDISTANCESBLASONS, NUMREGLEMENT, DISTANCE) VALUES(15, 8, @NUMREGLEMENT, 18);
INSERT INTO PUBLIC.DISTANCES(NUMDISTANCES, NUMDISTANCESBLASONS, NUMREGLEMENT, DISTANCE) VALUES(16, 8, @NUMREGLEMENT, 18);
INSERT INTO PUBLIC.DISTANCES(NUMDISTANCES, NUMDISTANCESBLASONS, NUMREGLEMENT, DISTANCE) VALUES(17, 9, @NUMREGLEMENT, 18);
INSERT INTO PUBLIC.DISTANCES(NUMDISTANCES, NUMDISTANCESBLASONS, NUMREGLEMENT, DISTANCE) VALUES(18, 9, @NUMREGLEMENT, 18);
INSERT INTO PUBLIC.DISTANCES(NUMDISTANCES, NUMDISTANCESBLASONS, NUMREGLEMENT, DISTANCE) VALUES(19, 10, @NUMREGLEMENT, 18);
INSERT INTO PUBLIC.DISTANCES(NUMDISTANCES, NUMDISTANCESBLASONS, NUMREGLEMENT, DISTANCE) VALUES(20, 10, @NUMREGLEMENT, 18);
INSERT INTO PUBLIC.DISTANCES(NUMDISTANCES, NUMDISTANCESBLASONS, NUMREGLEMENT, DISTANCE) VALUES(21, 11, @NUMREGLEMENT, 18);
INSERT INTO PUBLIC.DISTANCES(NUMDISTANCES, NUMDISTANCESBLASONS, NUMREGLEMENT, DISTANCE) VALUES(22, 11, @NUMREGLEMENT, 18);
INSERT INTO PUBLIC.DISTANCES(NUMDISTANCES, NUMDISTANCESBLASONS, NUMREGLEMENT, DISTANCE) VALUES(23, 12, @NUMREGLEMENT, 18);
INSERT INTO PUBLIC.DISTANCES(NUMDISTANCES, NUMDISTANCESBLASONS, NUMREGLEMENT, DISTANCE) VALUES(24, 12, @NUMREGLEMENT, 18);      

MERGE INTO PUBLIC.CRITERIASET(NUMCRITERIASET) VALUES(-337589546);
MERGE INTO PUBLIC.CRITERIASET(NUMCRITERIASET) VALUES(308357278);
MERGE INTO PUBLIC.CRITERIASET(NUMCRITERIASET) VALUES(308361122);
MERGE INTO PUBLIC.CRITERIASET(NUMCRITERIASET) VALUES(787799567);
MERGE INTO PUBLIC.CRITERIASET(NUMCRITERIASET) VALUES(787799568);
MERGE INTO PUBLIC.CRITERIASET(NUMCRITERIASET) VALUES(787799575);
MERGE INTO PUBLIC.CRITERIASET(NUMCRITERIASET) VALUES(787799578);
MERGE INTO PUBLIC.CRITERIASET(NUMCRITERIASET) VALUES(787799581);
MERGE INTO PUBLIC.CRITERIASET(NUMCRITERIASET) VALUES(787799584);
MERGE INTO PUBLIC.CRITERIASET(NUMCRITERIASET) VALUES(787799587);
MERGE INTO PUBLIC.CRITERIASET(NUMCRITERIASET) VALUES(787799668);
MERGE INTO PUBLIC.CRITERIASET(NUMCRITERIASET) VALUES(787799671);
MERGE INTO PUBLIC.CRITERIASET(NUMCRITERIASET) VALUES(787799677);
MERGE INTO PUBLIC.CRITERIASET(NUMCRITERIASET) VALUES(787799680);
MERGE INTO PUBLIC.CRITERIASET(NUMCRITERIASET) VALUES(1433746391);
MERGE INTO PUBLIC.CRITERIASET(NUMCRITERIASET) VALUES(1433746392);
MERGE INTO PUBLIC.CRITERIASET(NUMCRITERIASET) VALUES(1433746399);
MERGE INTO PUBLIC.CRITERIASET(NUMCRITERIASET) VALUES(1433746402);
MERGE INTO PUBLIC.CRITERIASET(NUMCRITERIASET) VALUES(1433746405);
MERGE INTO PUBLIC.CRITERIASET(NUMCRITERIASET) VALUES(1433746411);
MERGE INTO PUBLIC.CRITERIASET(NUMCRITERIASET) VALUES(1433750235);
MERGE INTO PUBLIC.CRITERIASET(NUMCRITERIASET) VALUES(1433750236);
MERGE INTO PUBLIC.CRITERIASET(NUMCRITERIASET) VALUES(1433750243);
MERGE INTO PUBLIC.CRITERIASET(NUMCRITERIASET) VALUES(1433750246);
MERGE INTO PUBLIC.CRITERIASET(NUMCRITERIASET) VALUES(1433750249);
MERGE INTO PUBLIC.CRITERIASET(NUMCRITERIASET) VALUES(1433750255);

INSERT INTO PUBLIC.POSSEDE(NUMCRITERIASET, CODECRITEREELEMENT, CODECRITERE, NUMREGLEMENT) VALUES(787799581, 'CL', 'arc', @NUMREGLEMENT),
(787799581, 'P', 'categorie', @NUMREGLEMENT),
(787799567, 'CL', 'arc', @NUMREGLEMENT),
(787799567, 'B', 'categorie', @NUMREGLEMENT),
(787799578, 'CL', 'arc', @NUMREGLEMENT),
(787799578, 'M', 'categorie', @NUMREGLEMENT),
(787799671, 'CO', 'arc', @NUMREGLEMENT),
(787799671, 'M', 'categorie', @NUMREGLEMENT),
(787799568, 'CL', 'arc', @NUMREGLEMENT),
(787799568, 'C', 'categorie', @NUMREGLEMENT),
(787799575, 'CL', 'arc', @NUMREGLEMENT),
(787799575, 'J', 'categorie', @NUMREGLEMENT),
(787799668, 'CO', 'arc', @NUMREGLEMENT),
(787799668, 'J', 'categorie', @NUMREGLEMENT),
(787799584, 'CL', 'arc', @NUMREGLEMENT),
(787799584, 'S', 'categorie', @NUMREGLEMENT),
(787799677, 'CO', 'arc', @NUMREGLEMENT),
(787799677, 'S', 'categorie', @NUMREGLEMENT),
(787799587, 'CL', 'arc', @NUMREGLEMENT),
(787799587, 'V', 'categorie', @NUMREGLEMENT),
(787799680, 'CO', 'arc', @NUMREGLEMENT),
(787799680, 'V', 'categorie', @NUMREGLEMENT),
(-337589546, 'CL', 'arc', @NUMREGLEMENT),
(-337589546, 'SV', 'categorie', @NUMREGLEMENT),
(1433746392, 'D', 'genre', @NUMREGLEMENT),
(1433746392, 'CO', 'arc', @NUMREGLEMENT),
(1433746392, 'C', 'categorie', @NUMREGLEMENT),
(1433746399, 'D', 'genre', @NUMREGLEMENT),
(1433746399, 'CO', 'arc', @NUMREGLEMENT),
(1433746399, 'J', 'categorie', @NUMREGLEMENT),
(1433750236, 'H', 'genre', @NUMREGLEMENT),
(1433750236, 'CO', 'arc', @NUMREGLEMENT),
(1433750236, 'C', 'categorie', @NUMREGLEMENT),
(1433750243, 'H', 'genre', @NUMREGLEMENT),
(1433750243, 'CO', 'arc', @NUMREGLEMENT),
(1433750243, 'J', 'categorie', @NUMREGLEMENT),
(1433750235, 'H', 'genre', @NUMREGLEMENT),
(1433750235, 'CO', 'arc', @NUMREGLEMENT),
(1433750235, 'B', 'categorie', @NUMREGLEMENT),
(1433750246, 'H', 'genre', @NUMREGLEMENT),
(1433750246, 'CO', 'arc', @NUMREGLEMENT),
(1433750246, 'M', 'categorie', @NUMREGLEMENT),
(1433750249, 'H', 'genre', @NUMREGLEMENT),
(1433750249, 'CO', 'arc', @NUMREGLEMENT),
(1433750249, 'P', 'categorie', @NUMREGLEMENT),
(1433746405, 'D', 'genre', @NUMREGLEMENT),
(1433746405, 'CO', 'arc', @NUMREGLEMENT),
(1433746405, 'P', 'categorie', @NUMREGLEMENT),
(1433746391, 'D', 'genre', @NUMREGLEMENT),
(1433746391, 'CO', 'arc', @NUMREGLEMENT),
(1433746391, 'B', 'categorie', @NUMREGLEMENT),
(1433746402, 'D', 'genre', @NUMREGLEMENT),
(1433746402, 'CO', 'arc', @NUMREGLEMENT),
(1433746402, 'M', 'categorie', @NUMREGLEMENT),
(308357278, 'D', 'genre', @NUMREGLEMENT),
(308357278, 'CO', 'arc', @NUMREGLEMENT),
(308357278, 'SV', 'categorie', @NUMREGLEMENT),
(1433746411, 'D', 'genre', @NUMREGLEMENT),
(1433746411, 'CO', 'arc', @NUMREGLEMENT),
(1433746411, 'V', 'categorie', @NUMREGLEMENT),
(308361122, 'H', 'genre', @NUMREGLEMENT),
(308361122, 'CO', 'arc', @NUMREGLEMENT),
(308361122, 'SV', 'categorie', @NUMREGLEMENT),
(1433750255, 'H', 'genre', @NUMREGLEMENT),
(1433750255, 'CO', 'arc', @NUMREGLEMENT),
(1433750255, 'V', 'categorie', @NUMREGLEMENT);

INSERT INTO PUBLIC.SURCLASSEMENT(NUMCRITERIASET, NUMREGLEMENT, NUMCRITERIASET_SURCLASSE) VALUES
(1433746392, @NUMREGLEMENT, 1433746399),
(1433750236, @NUMREGLEMENT, 1433750243),
(1433750235, @NUMREGLEMENT, 1433750246),
(1433750249, @NUMREGLEMENT, NULL),
(1433746405, @NUMREGLEMENT, NULL),
(1433746391, @NUMREGLEMENT, 1433746402);   

INSERT INTO PUBLIC.ASSOCIER(NUMDISTANCESBLASONS, NUMREGLEMENT, NUMCRITERIASET) VALUES(1, @NUMREGLEMENT, 787799581),
(2, @NUMREGLEMENT, 787799567),
(3, @NUMREGLEMENT, 787799578),
(4, @NUMREGLEMENT, 787799671),
(5, @NUMREGLEMENT, 787799568),
(6, @NUMREGLEMENT, 787799575),
(7, @NUMREGLEMENT, 787799668),
(8, @NUMREGLEMENT, 787799584),
(9, @NUMREGLEMENT, 787799677),
(10, @NUMREGLEMENT, 787799587),
(11, @NUMREGLEMENT, 787799680),
(12, @NUMREGLEMENT, -337589546);
