-- @release 1
SET @NAME=STRINGDECODE('Sp\u00E9cial Jeunes F\u00E9d\u00E9ral');
SET @NUMREGLEMENT=-180676679;

INSERT INTO PUBLIC.REGLEMENT(NUMREGLEMENT, NOMREGLEMENT, NBSERIE, NBVOLEEPARSERIE, NBFLECHEPARVOLEE, NBMEMBRESEQUIPE, NBMEMBRESRETENU, ISOFFICIAL) VALUES(@NUMREGLEMENT, @NAME, 2, 7, 3, 4, 3, FALSE);

INSERT INTO PUBLIC.CRITERE(CODECRITERE, NUMREGLEMENT, LIBELLECRITERE, SORTORDERCRITERE, CLASSEMENT, PLACEMENT, CODEFFTA) VALUES('genre', @NUMREGLEMENT, 'Genre', -1, TRUE, FALSE, 'genre');
INSERT INTO PUBLIC.CRITERE(CODECRITERE, NUMREGLEMENT, LIBELLECRITERE, SORTORDERCRITERE, CLASSEMENT, PLACEMENT, CODEFFTA) VALUES('categorie', @NUMREGLEMENT, 'Categorie', 1, FALSE, FALSE, 'categorie');
INSERT INTO PUBLIC.CRITERE(CODECRITERE, NUMREGLEMENT, LIBELLECRITERE, SORTORDERCRITERE, CLASSEMENT, PLACEMENT, CODEFFTA) VALUES('niveau', @NUMREGLEMENT, 'Niveau', 1, TRUE, TRUE, 'niveau');
INSERT INTO PUBLIC.CRITERE(CODECRITERE, NUMREGLEMENT, LIBELLECRITERE, SORTORDERCRITERE, CLASSEMENT, PLACEMENT, CODEFFTA) VALUES('arc', @NUMREGLEMENT, 'Arc', 1, FALSE, FALSE, 'arc');

INSERT INTO PUBLIC.CRITEREELEMENT(CODECRITEREELEMENT, CODECRITERE, NUMREGLEMENT, LIBELLECRITEREELEMENT, ACTIF) VALUES('H', 'genre', @NUMREGLEMENT, 'Homme', TRUE);
INSERT INTO PUBLIC.CRITEREELEMENT(CODECRITEREELEMENT, CODECRITERE, NUMREGLEMENT, LIBELLECRITEREELEMENT, ACTIF) VALUES('D', 'genre', @NUMREGLEMENT, 'Dame', TRUE);
INSERT INTO PUBLIC.CRITEREELEMENT(CODECRITEREELEMENT, CODECRITERE, NUMREGLEMENT, LIBELLECRITEREELEMENT, ACTIF) VALUES('P', 'categorie', @NUMREGLEMENT, 'Poussin', TRUE);
INSERT INTO PUBLIC.CRITEREELEMENT(CODECRITEREELEMENT, CODECRITERE, NUMREGLEMENT, LIBELLECRITEREELEMENT, ACTIF) VALUES('B', 'categorie', @NUMREGLEMENT, 'Benjamin', TRUE);
INSERT INTO PUBLIC.CRITEREELEMENT(CODECRITEREELEMENT, CODECRITERE, NUMREGLEMENT, LIBELLECRITEREELEMENT, ACTIF) VALUES('M', 'categorie', @NUMREGLEMENT, 'Minime', TRUE);
INSERT INTO PUBLIC.CRITEREELEMENT(CODECRITEREELEMENT, CODECRITERE, NUMREGLEMENT, LIBELLECRITEREELEMENT, ACTIF) VALUES('C', 'categorie', @NUMREGLEMENT, 'Cadet', TRUE);
INSERT INTO PUBLIC.CRITEREELEMENT(CODECRITEREELEMENT, CODECRITERE, NUMREGLEMENT, LIBELLECRITEREELEMENT, ACTIF) VALUES('J', 'categorie', @NUMREGLEMENT, 'Junior', TRUE);
INSERT INTO PUBLIC.CRITEREELEMENT(CODECRITEREELEMENT, CODECRITERE, NUMREGLEMENT, LIBELLECRITEREELEMENT, ACTIF) VALUES('S', 'categorie', @NUMREGLEMENT, 'Senior', FALSE);
INSERT INTO PUBLIC.CRITEREELEMENT(CODECRITEREELEMENT, CODECRITERE, NUMREGLEMENT, LIBELLECRITEREELEMENT, ACTIF) VALUES('V', 'categorie', @NUMREGLEMENT, STRINGDECODE('V\u00e9t\u00e9ran'), FALSE);
INSERT INTO PUBLIC.CRITEREELEMENT(CODECRITEREELEMENT, CODECRITERE, NUMREGLEMENT, LIBELLECRITEREELEMENT, ACTIF) VALUES('SV', 'categorie', @NUMREGLEMENT, STRINGDECODE('Super-V\u00e9t\u00e9ran'), FALSE);
INSERT INTO PUBLIC.CRITEREELEMENT(CODECRITEREELEMENT, CODECRITERE, NUMREGLEMENT, LIBELLECRITEREELEMENT, ACTIF) VALUES('P', 'niveau', @NUMREGLEMENT, 'Poussins', TRUE);
INSERT INTO PUBLIC.CRITEREELEMENT(CODECRITEREELEMENT, CODECRITERE, NUMREGLEMENT, LIBELLECRITEREELEMENT, ACTIF) VALUES('1', 'niveau', @NUMREGLEMENT, '1', TRUE);
INSERT INTO PUBLIC.CRITEREELEMENT(CODECRITEREELEMENT, CODECRITERE, NUMREGLEMENT, LIBELLECRITEREELEMENT, ACTIF) VALUES('2', 'niveau', @NUMREGLEMENT, '2', TRUE);
INSERT INTO PUBLIC.CRITEREELEMENT(CODECRITEREELEMENT, CODECRITERE, NUMREGLEMENT, LIBELLECRITEREELEMENT, ACTIF) VALUES('3', 'niveau', @NUMREGLEMENT, '3', TRUE);
INSERT INTO PUBLIC.CRITEREELEMENT(CODECRITEREELEMENT, CODECRITERE, NUMREGLEMENT, LIBELLECRITEREELEMENT, ACTIF) VALUES('A', 'niveau', @NUMREGLEMENT, 'As', TRUE);
INSERT INTO PUBLIC.CRITEREELEMENT(CODECRITEREELEMENT, CODECRITERE, NUMREGLEMENT, LIBELLECRITEREELEMENT, ACTIF) VALUES('CL', 'arc', @NUMREGLEMENT, 'Classique', TRUE);
INSERT INTO PUBLIC.CRITEREELEMENT(CODECRITEREELEMENT, CODECRITERE, NUMREGLEMENT, LIBELLECRITEREELEMENT, ACTIF) VALUES('CO', 'arc', @NUMREGLEMENT, STRINGDECODE('Arc \u00e0 poulies'), TRUE);
INSERT INTO PUBLIC.CRITEREELEMENT(CODECRITEREELEMENT, CODECRITERE, NUMREGLEMENT, LIBELLECRITEREELEMENT, ACTIF) VALUES('AD', 'arc', @NUMREGLEMENT, 'Arc droit', TRUE);
INSERT INTO PUBLIC.CRITEREELEMENT(CODECRITEREELEMENT, CODECRITERE, NUMREGLEMENT, LIBELLECRITEREELEMENT, ACTIF) VALUES('AC', 'arc', @NUMREGLEMENT, 'Arc chasse', TRUE);
INSERT INTO PUBLIC.CRITEREELEMENT(CODECRITEREELEMENT, CODECRITERE, NUMREGLEMENT, LIBELLECRITEREELEMENT, ACTIF) VALUES('BB', 'arc', @NUMREGLEMENT, 'Bare Bow', TRUE);
INSERT INTO PUBLIC.CRITEREELEMENT(CODECRITEREELEMENT, CODECRITERE, NUMREGLEMENT, LIBELLECRITEREELEMENT, ACTIF) VALUES('TL', 'arc', @NUMREGLEMENT, 'Tir Libre', TRUE);

INSERT INTO PUBLIC.DISTANCESBLASONS(NUMDISTANCESBLASONS, NUMREGLEMENT, NUMBLASON) VALUES(1, @NUMREGLEMENT, 1);
INSERT INTO PUBLIC.DISTANCESBLASONS(NUMDISTANCESBLASONS, NUMREGLEMENT, NUMBLASON) VALUES(2, @NUMREGLEMENT, 1);
INSERT INTO PUBLIC.DISTANCESBLASONS(NUMDISTANCESBLASONS, NUMREGLEMENT, NUMBLASON) VALUES(3, @NUMREGLEMENT, 2);
INSERT INTO PUBLIC.DISTANCESBLASONS(NUMDISTANCESBLASONS, NUMREGLEMENT, NUMBLASON) VALUES(4, @NUMREGLEMENT, 3);
INSERT INTO PUBLIC.DISTANCESBLASONS(NUMDISTANCESBLASONS, NUMREGLEMENT, NUMBLASON) VALUES(5, @NUMREGLEMENT, 4);

INSERT INTO PUBLIC.DISTANCES(NUMDISTANCES, NUMDISTANCESBLASONS, NUMREGLEMENT, DISTANCE) VALUES(1, 1, @NUMREGLEMENT, 10);
INSERT INTO PUBLIC.DISTANCES(NUMDISTANCES, NUMDISTANCESBLASONS, NUMREGLEMENT, DISTANCE) VALUES(2, 1, @NUMREGLEMENT, 10);
INSERT INTO PUBLIC.DISTANCES(NUMDISTANCES, NUMDISTANCESBLASONS, NUMREGLEMENT, DISTANCE) VALUES(3, 2, @NUMREGLEMENT, 15);
INSERT INTO PUBLIC.DISTANCES(NUMDISTANCES, NUMDISTANCESBLASONS, NUMREGLEMENT, DISTANCE) VALUES(4, 2, @NUMREGLEMENT, 15);
INSERT INTO PUBLIC.DISTANCES(NUMDISTANCES, NUMDISTANCESBLASONS, NUMREGLEMENT, DISTANCE) VALUES(5, 3, @NUMREGLEMENT, 15);
INSERT INTO PUBLIC.DISTANCES(NUMDISTANCES, NUMDISTANCESBLASONS, NUMREGLEMENT, DISTANCE) VALUES(6, 3, @NUMREGLEMENT, 15);
INSERT INTO PUBLIC.DISTANCES(NUMDISTANCES, NUMDISTANCESBLASONS, NUMREGLEMENT, DISTANCE) VALUES(7, 4, @NUMREGLEMENT, 15);
INSERT INTO PUBLIC.DISTANCES(NUMDISTANCES, NUMDISTANCESBLASONS, NUMREGLEMENT, DISTANCE) VALUES(8, 4, @NUMREGLEMENT, 15);
INSERT INTO PUBLIC.DISTANCES(NUMDISTANCES, NUMDISTANCESBLASONS, NUMREGLEMENT, DISTANCE) VALUES(9, 5, @NUMREGLEMENT, 15);
INSERT INTO PUBLIC.DISTANCES(NUMDISTANCES, NUMDISTANCESBLASONS, NUMREGLEMENT, DISTANCE) VALUES(10, 5, @NUMREGLEMENT, 15);

MERGE INTO PUBLIC.CRITERIASET(NUMCRITERIASET) VALUES(-1045175507);
MERGE INTO PUBLIC.CRITERIASET(NUMCRITERIASET) VALUES(-1045175410);
MERGE INTO PUBLIC.CRITERIASET(NUMCRITERIASET) VALUES(-1045175413);
MERGE INTO PUBLIC.CRITERIASET(NUMCRITERIASET) VALUES(-1045175412);
MERGE INTO PUBLIC.CRITERIASET(NUMCRITERIASET) VALUES(-1045175490);

INSERT INTO PUBLIC.POSSEDE(NUMCRITERIASET, CODECRITEREELEMENT, CODECRITERE, NUMREGLEMENT) VALUES(-1045175507, 'P', 'niveau', @NUMREGLEMENT);
INSERT INTO PUBLIC.POSSEDE(NUMCRITERIASET, CODECRITEREELEMENT, CODECRITERE, NUMREGLEMENT) VALUES(-1045175410, '1', 'niveau', @NUMREGLEMENT);
INSERT INTO PUBLIC.POSSEDE(NUMCRITERIASET, CODECRITEREELEMENT, CODECRITERE, NUMREGLEMENT) VALUES(-1045175413, '2', 'niveau', @NUMREGLEMENT);
INSERT INTO PUBLIC.POSSEDE(NUMCRITERIASET, CODECRITEREELEMENT, CODECRITERE, NUMREGLEMENT) VALUES(-1045175412, '3', 'niveau', @NUMREGLEMENT);
INSERT INTO PUBLIC.POSSEDE(NUMCRITERIASET, CODECRITEREELEMENT, CODECRITERE, NUMREGLEMENT) VALUES(-1045175490, 'A', 'niveau', @NUMREGLEMENT);

INSERT INTO PUBLIC.ASSOCIER(NUMDISTANCESBLASONS, NUMREGLEMENT, NUMCRITERIASET) VALUES(1, @NUMREGLEMENT, -1045175507);
INSERT INTO PUBLIC.ASSOCIER(NUMDISTANCESBLASONS, NUMREGLEMENT, NUMCRITERIASET) VALUES(2, @NUMREGLEMENT, -1045175410);
INSERT INTO PUBLIC.ASSOCIER(NUMDISTANCESBLASONS, NUMREGLEMENT, NUMCRITERIASET) VALUES(3, @NUMREGLEMENT, -1045175412);
INSERT INTO PUBLIC.ASSOCIER(NUMDISTANCESBLASONS, NUMREGLEMENT, NUMCRITERIASET) VALUES(4, @NUMREGLEMENT, -1045175413);
INSERT INTO PUBLIC.ASSOCIER(NUMDISTANCESBLASONS, NUMREGLEMENT, NUMCRITERIASET) VALUES(5, @NUMREGLEMENT, -1045175490);
