-- @release 1
SET @NAME='Savoie';
SET @NUMREGLEMENT=-1825540830;

INSERT INTO PUBLIC.REGLEMENT(NUMREGLEMENT, NOMREGLEMENT, NBSERIE, NBVOLEEPARSERIE, NBFLECHEPARVOLEE, NBMEMBRESEQUIPE, NBMEMBRESRETENU, ISOFFICIAL, NUMFEDERATION, NUMCATEGORIE_REGLEMENT, REMOVABLE) VALUES(@NUMREGLEMENT, @NAME, 2, 6, 3, 4, 3, FALSE, 2, 1, FALSE);

INSERT INTO PUBLIC.CRITERE(CODECRITERE, NUMREGLEMENT, LIBELLECRITERE, SORTORDERCRITERE, CLASSEMENT, PLACEMENT, CODEFFTA, NUMORDRE) VALUES('genre', @NUMREGLEMENT, 'Genre', -1, TRUE, FALSE, 'genre', 1);
INSERT INTO PUBLIC.CRITERE(CODECRITERE, NUMREGLEMENT, LIBELLECRITERE, SORTORDERCRITERE, CLASSEMENT, PLACEMENT, CODEFFTA, NUMORDRE) VALUES('categorie', @NUMREGLEMENT, 'Categorie', 1, FALSE, FALSE, 'categorie', 2);
INSERT INTO PUBLIC.CRITERE(CODECRITERE, NUMREGLEMENT, LIBELLECRITERE, SORTORDERCRITERE, CLASSEMENT, PLACEMENT, CODEFFTA, NUMORDRE) VALUES('niveau', @NUMREGLEMENT, 'Niveau', 1, TRUE, TRUE, 'niveau', 3);
INSERT INTO PUBLIC.CRITERE(CODECRITERE, NUMREGLEMENT, LIBELLECRITERE, SORTORDERCRITERE, CLASSEMENT, PLACEMENT, CODEFFTA, NUMORDRE) VALUES('arc', @NUMREGLEMENT, 'Arc', 1, FALSE, FALSE, 'arc', 4);

INSERT INTO PUBLIC.CRITEREELEMENT(CODECRITEREELEMENT, CODECRITERE, NUMREGLEMENT, LIBELLECRITEREELEMENT, ACTIF, NUMORDRE) VALUES('H', 'genre', @NUMREGLEMENT, 'Homme', TRUE, 1);
INSERT INTO PUBLIC.CRITEREELEMENT(CODECRITEREELEMENT, CODECRITERE, NUMREGLEMENT, LIBELLECRITEREELEMENT, ACTIF, NUMORDRE) VALUES('D', 'genre', @NUMREGLEMENT, 'Dame', TRUE, 2);
INSERT INTO PUBLIC.CRITEREELEMENT(CODECRITEREELEMENT, CODECRITERE, NUMREGLEMENT, LIBELLECRITEREELEMENT, ACTIF, NUMORDRE) VALUES('P', 'categorie', @NUMREGLEMENT, 'Poussin', TRUE, 1);
INSERT INTO PUBLIC.CRITEREELEMENT(CODECRITEREELEMENT, CODECRITERE, NUMREGLEMENT, LIBELLECRITEREELEMENT, ACTIF, NUMORDRE) VALUES('B', 'categorie', @NUMREGLEMENT, 'Benjamin', TRUE, 2);
INSERT INTO PUBLIC.CRITEREELEMENT(CODECRITEREELEMENT, CODECRITERE, NUMREGLEMENT, LIBELLECRITEREELEMENT, ACTIF, NUMORDRE) VALUES('M', 'categorie', @NUMREGLEMENT, 'Minime', TRUE, 3);
INSERT INTO PUBLIC.CRITEREELEMENT(CODECRITEREELEMENT, CODECRITERE, NUMREGLEMENT, LIBELLECRITEREELEMENT, ACTIF, NUMORDRE) VALUES('C', 'categorie', @NUMREGLEMENT, 'Cadet', TRUE, 4);
INSERT INTO PUBLIC.CRITEREELEMENT(CODECRITEREELEMENT, CODECRITERE, NUMREGLEMENT, LIBELLECRITEREELEMENT, ACTIF, NUMORDRE) VALUES('J', 'categorie', @NUMREGLEMENT, 'Junior', TRUE, 5);
INSERT INTO PUBLIC.CRITEREELEMENT(CODECRITEREELEMENT, CODECRITERE, NUMREGLEMENT, LIBELLECRITEREELEMENT, ACTIF, NUMORDRE) VALUES('S', 'categorie', @NUMREGLEMENT, 'Senior', FALSE, 6);
INSERT INTO PUBLIC.CRITEREELEMENT(CODECRITEREELEMENT, CODECRITERE, NUMREGLEMENT, LIBELLECRITEREELEMENT, ACTIF, NUMORDRE) VALUES('V', 'categorie', @NUMREGLEMENT, STRINGDECODE('V\u00e9t\u00e9ran'), FALSE, 7);
INSERT INTO PUBLIC.CRITEREELEMENT(CODECRITEREELEMENT, CODECRITERE, NUMREGLEMENT, LIBELLECRITEREELEMENT, ACTIF, NUMORDRE) VALUES('SV', 'categorie', @NUMREGLEMENT, STRINGDECODE('Super-V\u00e9t\u00e9ran'), FALSE, 8);
INSERT INTO PUBLIC.CRITEREELEMENT(CODECRITEREELEMENT, CODECRITERE, NUMREGLEMENT, LIBELLECRITEREELEMENT, ACTIF, NUMORDRE) VALUES('0', 'niveau', @NUMREGLEMENT, 'Niveau 0', TRUE, 1);
INSERT INTO PUBLIC.CRITEREELEMENT(CODECRITEREELEMENT, CODECRITERE, NUMREGLEMENT, LIBELLECRITEREELEMENT, ACTIF, NUMORDRE) VALUES('1', 'niveau', @NUMREGLEMENT, 'Niveau 1', TRUE, 2);
INSERT INTO PUBLIC.CRITEREELEMENT(CODECRITEREELEMENT, CODECRITERE, NUMREGLEMENT, LIBELLECRITEREELEMENT, ACTIF, NUMORDRE) VALUES('2', 'niveau', @NUMREGLEMENT, 'Niveau 2', TRUE, 3);
INSERT INTO PUBLIC.CRITEREELEMENT(CODECRITEREELEMENT, CODECRITERE, NUMREGLEMENT, LIBELLECRITEREELEMENT, ACTIF, NUMORDRE) VALUES('3', 'niveau', @NUMREGLEMENT, 'Niveau 3', TRUE, 4);
INSERT INTO PUBLIC.CRITEREELEMENT(CODECRITEREELEMENT, CODECRITERE, NUMREGLEMENT, LIBELLECRITEREELEMENT, ACTIF, NUMORDRE) VALUES('CL', 'arc', @NUMREGLEMENT, 'Classique', TRUE, 1);
INSERT INTO PUBLIC.CRITEREELEMENT(CODECRITEREELEMENT, CODECRITERE, NUMREGLEMENT, LIBELLECRITEREELEMENT, ACTIF, NUMORDRE) VALUES('CO', 'arc', @NUMREGLEMENT, STRINGDECODE('Arc \u00e0 poulies'), TRUE, 2);
INSERT INTO PUBLIC.CRITEREELEMENT(CODECRITEREELEMENT, CODECRITERE, NUMREGLEMENT, LIBELLECRITEREELEMENT, ACTIF, NUMORDRE) VALUES('AD', 'arc', @NUMREGLEMENT, 'Arc droit', TRUE, 3);
INSERT INTO PUBLIC.CRITEREELEMENT(CODECRITEREELEMENT, CODECRITERE, NUMREGLEMENT, LIBELLECRITEREELEMENT, ACTIF, NUMORDRE) VALUES('AC', 'arc', @NUMREGLEMENT, 'Arc chasse', TRUE, 4);
INSERT INTO PUBLIC.CRITEREELEMENT(CODECRITEREELEMENT, CODECRITERE, NUMREGLEMENT, LIBELLECRITEREELEMENT, ACTIF, NUMORDRE) VALUES('BB', 'arc', @NUMREGLEMENT, 'Bare Bow', TRUE, 5);
INSERT INTO PUBLIC.CRITEREELEMENT(CODECRITEREELEMENT, CODECRITERE, NUMREGLEMENT, LIBELLECRITEREELEMENT, ACTIF, NUMORDRE) VALUES('TL', 'arc', @NUMREGLEMENT, 'Tir Libre', TRUE, 6);

INSERT INTO PUBLIC.DISTANCESBLASONS(NUMDISTANCESBLASONS, NUMREGLEMENT, NUMBLASON) VALUES(1, @NUMREGLEMENT, 2);
INSERT INTO PUBLIC.DISTANCESBLASONS(NUMDISTANCESBLASONS, NUMREGLEMENT, NUMBLASON) VALUES(2, @NUMREGLEMENT, 3);
INSERT INTO PUBLIC.DISTANCESBLASONS(NUMDISTANCESBLASONS, NUMREGLEMENT, NUMBLASON) VALUES(3, @NUMREGLEMENT, 2);
INSERT INTO PUBLIC.DISTANCESBLASONS(NUMDISTANCESBLASONS, NUMREGLEMENT, NUMBLASON) VALUES(4, @NUMREGLEMENT, 2);

INSERT INTO PUBLIC.DISTANCES(NUMDISTANCES, NUMDISTANCESBLASONS, NUMREGLEMENT, DISTANCE) VALUES(1, 1, @NUMREGLEMENT, 15);
INSERT INTO PUBLIC.DISTANCES(NUMDISTANCES, NUMDISTANCESBLASONS, NUMREGLEMENT, DISTANCE) VALUES(2, 1, @NUMREGLEMENT, 15);
INSERT INTO PUBLIC.DISTANCES(NUMDISTANCES, NUMDISTANCESBLASONS, NUMREGLEMENT, DISTANCE) VALUES(3, 2, @NUMREGLEMENT, 18);
INSERT INTO PUBLIC.DISTANCES(NUMDISTANCES, NUMDISTANCESBLASONS, NUMREGLEMENT, DISTANCE) VALUES(4, 2, @NUMREGLEMENT, 18);
INSERT INTO PUBLIC.DISTANCES(NUMDISTANCES, NUMDISTANCESBLASONS, NUMREGLEMENT, DISTANCE) VALUES(5, 3, @NUMREGLEMENT, 18);
INSERT INTO PUBLIC.DISTANCES(NUMDISTANCES, NUMDISTANCESBLASONS, NUMREGLEMENT, DISTANCE) VALUES(6, 3, @NUMREGLEMENT, 18);
INSERT INTO PUBLIC.DISTANCES(NUMDISTANCES, NUMDISTANCESBLASONS, NUMREGLEMENT, DISTANCE) VALUES(7, 4, @NUMREGLEMENT, 10);
INSERT INTO PUBLIC.DISTANCES(NUMDISTANCES, NUMDISTANCESBLASONS, NUMREGLEMENT, DISTANCE) VALUES(8, 4, @NUMREGLEMENT, 10);

MERGE INTO PUBLIC.CRITERIASET(NUMCRITERIASET) VALUES(-1045175411);
MERGE INTO PUBLIC.CRITERIASET(NUMCRITERIASET) VALUES(-1045175410);
MERGE INTO PUBLIC.CRITERIASET(NUMCRITERIASET) VALUES(-1045175413);
MERGE INTO PUBLIC.CRITERIASET(NUMCRITERIASET) VALUES(-1045175412);

INSERT INTO PUBLIC.POSSEDE(NUMCRITERIASET, CODECRITEREELEMENT, CODECRITERE, NUMREGLEMENT) VALUES(-1045175410, '1', 'niveau', @NUMREGLEMENT);
INSERT INTO PUBLIC.POSSEDE(NUMCRITERIASET, CODECRITEREELEMENT, CODECRITERE, NUMREGLEMENT) VALUES(-1045175412, '3', 'niveau', @NUMREGLEMENT);
INSERT INTO PUBLIC.POSSEDE(NUMCRITERIASET, CODECRITEREELEMENT, CODECRITERE, NUMREGLEMENT) VALUES(-1045175413, '2', 'niveau', @NUMREGLEMENT);
INSERT INTO PUBLIC.POSSEDE(NUMCRITERIASET, CODECRITEREELEMENT, CODECRITERE, NUMREGLEMENT) VALUES(-1045175411, '0', 'niveau', @NUMREGLEMENT);

INSERT INTO PUBLIC.ASSOCIER(NUMDISTANCESBLASONS, NUMREGLEMENT, NUMCRITERIASET) VALUES(1, @NUMREGLEMENT, -1045175410);
INSERT INTO PUBLIC.ASSOCIER(NUMDISTANCESBLASONS, NUMREGLEMENT, NUMCRITERIASET) VALUES(2, @NUMREGLEMENT, -1045175412);
INSERT INTO PUBLIC.ASSOCIER(NUMDISTANCESBLASONS, NUMREGLEMENT, NUMCRITERIASET) VALUES(3, @NUMREGLEMENT, -1045175413);
INSERT INTO PUBLIC.ASSOCIER(NUMDISTANCESBLASONS, NUMREGLEMENT, NUMCRITERIASET) VALUES(4, @NUMREGLEMENT, -1045175411);