-- @release 1

INSERT INTO PUBLIC.REGLEMENT(NUMREGLEMENT, NOMREGLEMENT, NBSERIE, NBVOLEEPARSERIE, NBFLECHEPARVOLEE, NBMEMBRESEQUIPE, NBMEMBRESRETENU, ISOFFICIAL) VALUES(-1825540830, 'Savoie', 2, 6, 3, 4, 3, FALSE);

INSERT INTO PUBLIC.CRITERE(CODECRITERE, NUMREGLEMENT, LIBELLECRITERE, SORTORDERCRITERE, CLASSEMENT, PLACEMENT, CODEFFTA, NUMORDRE) VALUES('genre', -1825540830, 'Genre', -1, TRUE, FALSE, 'genre', 1);
INSERT INTO PUBLIC.CRITERE(CODECRITERE, NUMREGLEMENT, LIBELLECRITERE, SORTORDERCRITERE, CLASSEMENT, PLACEMENT, CODEFFTA, NUMORDRE) VALUES('categorie', -1825540830, 'Categorie', 1, FALSE, FALSE, 'categorie', 2);
INSERT INTO PUBLIC.CRITERE(CODECRITERE, NUMREGLEMENT, LIBELLECRITERE, SORTORDERCRITERE, CLASSEMENT, PLACEMENT, CODEFFTA, NUMORDRE) VALUES('niveau', -1825540830, 'Niveau', 1, TRUE, TRUE, 'niveau', 3);
INSERT INTO PUBLIC.CRITERE(CODECRITERE, NUMREGLEMENT, LIBELLECRITERE, SORTORDERCRITERE, CLASSEMENT, PLACEMENT, CODEFFTA, NUMORDRE) VALUES('arc', -1825540830, 'Arc', 1, FALSE, FALSE, 'arc', 4);

INSERT INTO PUBLIC.CRITEREELEMENT(CODECRITEREELEMENT, CODECRITERE, NUMREGLEMENT, LIBELLECRITEREELEMENT, ACTIF, NUMORDRE) VALUES('H', 'genre', -1825540830, 'Homme', TRUE, 1);
INSERT INTO PUBLIC.CRITEREELEMENT(CODECRITEREELEMENT, CODECRITERE, NUMREGLEMENT, LIBELLECRITEREELEMENT, ACTIF, NUMORDRE) VALUES('D', 'genre', -1825540830, 'Dame', TRUE, 2);
INSERT INTO PUBLIC.CRITEREELEMENT(CODECRITEREELEMENT, CODECRITERE, NUMREGLEMENT, LIBELLECRITEREELEMENT, ACTIF, NUMORDRE) VALUES('P', 'categorie', -1825540830, 'Poussin', TRUE, 1);
INSERT INTO PUBLIC.CRITEREELEMENT(CODECRITEREELEMENT, CODECRITERE, NUMREGLEMENT, LIBELLECRITEREELEMENT, ACTIF, NUMORDRE) VALUES('B', 'categorie', -1825540830, 'Benjamin', TRUE, 2);
INSERT INTO PUBLIC.CRITEREELEMENT(CODECRITEREELEMENT, CODECRITERE, NUMREGLEMENT, LIBELLECRITEREELEMENT, ACTIF, NUMORDRE) VALUES('M', 'categorie', -1825540830, 'Minime', TRUE, 3);
INSERT INTO PUBLIC.CRITEREELEMENT(CODECRITEREELEMENT, CODECRITERE, NUMREGLEMENT, LIBELLECRITEREELEMENT, ACTIF, NUMORDRE) VALUES('C', 'categorie', -1825540830, 'Cadet', TRUE, 4);
INSERT INTO PUBLIC.CRITEREELEMENT(CODECRITEREELEMENT, CODECRITERE, NUMREGLEMENT, LIBELLECRITEREELEMENT, ACTIF, NUMORDRE) VALUES('J', 'categorie', -1825540830, 'Junior', TRUE, 5);
INSERT INTO PUBLIC.CRITEREELEMENT(CODECRITEREELEMENT, CODECRITERE, NUMREGLEMENT, LIBELLECRITEREELEMENT, ACTIF, NUMORDRE) VALUES('S', 'categorie', -1825540830, 'Senior', FALSE, 6);
INSERT INTO PUBLIC.CRITEREELEMENT(CODECRITEREELEMENT, CODECRITERE, NUMREGLEMENT, LIBELLECRITEREELEMENT, ACTIF, NUMORDRE) VALUES('V', 'categorie', -1825540830, STRINGDECODE('V\u00e9t\u00e9ran'), FALSE, 7);
INSERT INTO PUBLIC.CRITEREELEMENT(CODECRITEREELEMENT, CODECRITERE, NUMREGLEMENT, LIBELLECRITEREELEMENT, ACTIF, NUMORDRE) VALUES('SV', 'categorie', -1825540830, STRINGDECODE('Super-V\u00e9t\u00e9ran'), FALSE, 8);
INSERT INTO PUBLIC.CRITEREELEMENT(CODECRITEREELEMENT, CODECRITERE, NUMREGLEMENT, LIBELLECRITEREELEMENT, ACTIF, NUMORDRE) VALUES('0', 'niveau', -1825540830, 'Niveau 0', TRUE, 1);
INSERT INTO PUBLIC.CRITEREELEMENT(CODECRITEREELEMENT, CODECRITERE, NUMREGLEMENT, LIBELLECRITEREELEMENT, ACTIF, NUMORDRE) VALUES('1', 'niveau', -1825540830, 'Niveau 1', TRUE, 2);
INSERT INTO PUBLIC.CRITEREELEMENT(CODECRITEREELEMENT, CODECRITERE, NUMREGLEMENT, LIBELLECRITEREELEMENT, ACTIF, NUMORDRE) VALUES('2', 'niveau', -1825540830, 'Niveau 2', TRUE, 3);
INSERT INTO PUBLIC.CRITEREELEMENT(CODECRITEREELEMENT, CODECRITERE, NUMREGLEMENT, LIBELLECRITEREELEMENT, ACTIF, NUMORDRE) VALUES('3', 'niveau', -1825540830, 'Niveau 3', TRUE, 4);
INSERT INTO PUBLIC.CRITEREELEMENT(CODECRITEREELEMENT, CODECRITERE, NUMREGLEMENT, LIBELLECRITEREELEMENT, ACTIF, NUMORDRE) VALUES('CL', 'arc', -1825540830, 'Classique', TRUE, 1);
INSERT INTO PUBLIC.CRITEREELEMENT(CODECRITEREELEMENT, CODECRITERE, NUMREGLEMENT, LIBELLECRITEREELEMENT, ACTIF, NUMORDRE) VALUES('CO', 'arc', -1825540830, STRINGDECODE('Arc \u00e0 poulies'), TRUE, 2);
INSERT INTO PUBLIC.CRITEREELEMENT(CODECRITEREELEMENT, CODECRITERE, NUMREGLEMENT, LIBELLECRITEREELEMENT, ACTIF, NUMORDRE) VALUES('AD', 'arc', -1825540830, 'Arc droit', TRUE, 3);
INSERT INTO PUBLIC.CRITEREELEMENT(CODECRITEREELEMENT, CODECRITERE, NUMREGLEMENT, LIBELLECRITEREELEMENT, ACTIF, NUMORDRE) VALUES('AC', 'arc', -1825540830, 'Arc chasse', TRUE, 4);
INSERT INTO PUBLIC.CRITEREELEMENT(CODECRITEREELEMENT, CODECRITERE, NUMREGLEMENT, LIBELLECRITEREELEMENT, ACTIF, NUMORDRE) VALUES('BB', 'arc', -1825540830, 'Bare Bow', TRUE, 5);
INSERT INTO PUBLIC.CRITEREELEMENT(CODECRITEREELEMENT, CODECRITERE, NUMREGLEMENT, LIBELLECRITEREELEMENT, ACTIF, NUMORDRE) VALUES('TL', 'arc', -1825540830, 'Tir Libre', TRUE, 6);

INSERT INTO PUBLIC.DISTANCESBLASONS(NUMDISTANCESBLASONS, NUMREGLEMENT, NUMBLASON) VALUES(1, -1825540830, 2);
INSERT INTO PUBLIC.DISTANCESBLASONS(NUMDISTANCESBLASONS, NUMREGLEMENT, NUMBLASON) VALUES(2, -1825540830, 3);
INSERT INTO PUBLIC.DISTANCESBLASONS(NUMDISTANCESBLASONS, NUMREGLEMENT, NUMBLASON) VALUES(3, -1825540830, 2);
INSERT INTO PUBLIC.DISTANCESBLASONS(NUMDISTANCESBLASONS, NUMREGLEMENT, NUMBLASON) VALUES(4, -1825540830, 2);

INSERT INTO PUBLIC.DISTANCES(NUMDISTANCES, NUMDISTANCESBLASONS, NUMREGLEMENT, DISTANCE) VALUES(1, 1, -1825540830, 15);
INSERT INTO PUBLIC.DISTANCES(NUMDISTANCES, NUMDISTANCESBLASONS, NUMREGLEMENT, DISTANCE) VALUES(2, 1, -1825540830, 15);
INSERT INTO PUBLIC.DISTANCES(NUMDISTANCES, NUMDISTANCESBLASONS, NUMREGLEMENT, DISTANCE) VALUES(3, 2, -1825540830, 18);
INSERT INTO PUBLIC.DISTANCES(NUMDISTANCES, NUMDISTANCESBLASONS, NUMREGLEMENT, DISTANCE) VALUES(4, 2, -1825540830, 18);
INSERT INTO PUBLIC.DISTANCES(NUMDISTANCES, NUMDISTANCESBLASONS, NUMREGLEMENT, DISTANCE) VALUES(5, 3, -1825540830, 18);
INSERT INTO PUBLIC.DISTANCES(NUMDISTANCES, NUMDISTANCESBLASONS, NUMREGLEMENT, DISTANCE) VALUES(6, 3, -1825540830, 18);
INSERT INTO PUBLIC.DISTANCES(NUMDISTANCES, NUMDISTANCESBLASONS, NUMREGLEMENT, DISTANCE) VALUES(7, 4, -1825540830, 10);
INSERT INTO PUBLIC.DISTANCES(NUMDISTANCES, NUMDISTANCESBLASONS, NUMREGLEMENT, DISTANCE) VALUES(8, 4, -1825540830, 10);

MERGE INTO PUBLIC.CRITERIASET(NUMCRITERIASET) VALUES(-1045175411);
MERGE INTO PUBLIC.CRITERIASET(NUMCRITERIASET) VALUES(-1045175410);
MERGE INTO PUBLIC.CRITERIASET(NUMCRITERIASET) VALUES(-1045175413);
MERGE INTO PUBLIC.CRITERIASET(NUMCRITERIASET) VALUES(-1045175412);

INSERT INTO PUBLIC.POSSEDE(NUMCRITERIASET, CODECRITEREELEMENT, CODECRITERE, NUMREGLEMENT) VALUES(-1045175410, '1', 'niveau', -1825540830);
INSERT INTO PUBLIC.POSSEDE(NUMCRITERIASET, CODECRITEREELEMENT, CODECRITERE, NUMREGLEMENT) VALUES(-1045175412, '3', 'niveau', -1825540830);
INSERT INTO PUBLIC.POSSEDE(NUMCRITERIASET, CODECRITEREELEMENT, CODECRITERE, NUMREGLEMENT) VALUES(-1045175413, '2', 'niveau', -1825540830);
INSERT INTO PUBLIC.POSSEDE(NUMCRITERIASET, CODECRITEREELEMENT, CODECRITERE, NUMREGLEMENT) VALUES(-1045175411, '0', 'niveau', -1825540830);

INSERT INTO PUBLIC.ASSOCIER(NUMDISTANCESBLASONS, NUMREGLEMENT, NUMCRITERIASET) VALUES(1, -1825540830, -1045175410);
INSERT INTO PUBLIC.ASSOCIER(NUMDISTANCESBLASONS, NUMREGLEMENT, NUMCRITERIASET) VALUES(2, -1825540830, -1045175412);
INSERT INTO PUBLIC.ASSOCIER(NUMDISTANCESBLASONS, NUMREGLEMENT, NUMCRITERIASET) VALUES(3, -1825540830, -1045175413);
INSERT INTO PUBLIC.ASSOCIER(NUMDISTANCESBLASONS, NUMREGLEMENT, NUMCRITERIASET) VALUES(4, -1825540830, -1045175411);